UE ID,Internet usage
1,6.91586257015
2,10.1529299853
3,7.87675115298
4,9.0924088782
5,6.90720598587
6,7.36007478851
7,8.58426398489
8,6.14265554575
9,6.94683052282
10,6.97616062175
11,7.42035467807
12,5.87904057931
13,7.9802199819
14,7.73800993778
15,7.0908380178
16,6.95972778494
17,7.09521999419
18,8.08416392069
19,8.01905804332
20,7.00893118731
