UE ID,Internet usage
1,8.55753054208
2,11.7945979573
3,9.5184191249
4,10.7340768501
5,8.54887395779
6,9.00174276043
7,10.2259319568
8,7.78432351768
9,8.58849849474
10,8.61782859368
11,9.06202264999
12,7.52070855123
13,9.62188795382
14,9.3796779097
15,8.73250598972
16,8.60139575686
17,8.73688796611
18,9.72583189262
19,9.66072601524
20,8.65059915923
