UE ID,Internet usage
1,7.70564056938
2,10.9427079846
3,8.66652915221
4,9.88218687743
5,7.6969839851
6,8.14985278774
7,9.37404198412
8,6.93243354498
9,7.73660852205
10,7.76593862098
11,8.2101326773
12,6.66881857854
13,8.76999798113
14,8.52778793701
15,7.88061601703
16,7.74950578417
17,7.88499799342
18,8.87394191993
19,8.80883604255
20,7.79870918654
