UE ID,Internet usage
1,7.64210737977
2,10.879174795
3,8.60299596259
4,9.81865368781
5,7.63345079548
6,8.08631959812
7,9.31050879451
8,6.86890035537
9,7.67307533244
10,7.70240543137
11,8.14659948768
12,6.60528538892
13,8.70646479151
14,8.46425474739
15,7.81708282741
16,7.68597259455
17,7.8214648038
18,8.81040873031
19,8.74530285293
20,7.73517599692
