UE ID,Internet usage
1,20.1628413194
2,23.3999087346
3,21.1237299022
4,22.3393876274
5,20.1541847351
6,20.6070535377
7,21.8312427341
8,19.389634295
9,20.1938092721
10,20.223139371
11,20.6673334273
12,19.1260193285
13,21.2271987311
14,20.984988687
15,20.337816767
16,20.2067065342
17,20.3421987434
18,21.3311426699
19,21.2660367925
20,20.2559099365
