UE ID,Internet usage
1,23.5238636948
2,26.76093111
3,24.4847522776
4,25.7004100028
5,23.5152071105
6,23.9680759131
7,25.1922651095
8,22.7506566704
9,23.5548316474
10,23.5841617464
11,24.0283558027
12,22.4870417039
13,24.5882211065
14,24.3460110624
15,23.6988391424
16,23.5677289096
17,23.7032211188
18,24.6921650453
19,24.6270591679
20,23.6169323119
