UE ID,Internet usage
1,7.81227627438
2,11.0493436896
3,8.77316485721
4,9.98882258243
5,7.8036196901
6,8.25648849274
7,9.48067768912
8,7.03906924998
9,7.84324422705
10,7.87257432598
11,8.3167683823
12,6.77545428354
13,8.87663368613
14,8.63442364201
15,7.98725172203
16,7.85614148917
17,7.99163369842
18,8.98057762493
19,8.91547174755
20,7.90534489154
