UE ID,Internet usage
1,15.2069027178
2,18.443970133
3,16.1677913007
4,17.3834490259
5,15.1982461336
6,15.6511149362
7,16.8753041326
8,14.4336956934
9,15.2378706705
10,15.2672007694
11,15.7113948258
12,14.170080727
13,16.2712601296
14,16.0290500855
15,15.3818781655
16,15.2507679326
17,15.3862601419
18,16.3752040684
19,16.310098191
20,15.299971335
