UE ID,Internet usage
1,14.221797134
2,17.4588645492
3,15.1826857168
4,16.398343442
5,14.2131405497
6,14.6660093524
7,15.8901985487
8,13.4485901096
9,14.2527650867
10,14.2820951856
11,14.7262892419
12,13.1849751432
13,15.2861545457
14,15.0439445016
15,14.3967725816
16,14.2656623488
17,14.401154558
18,15.3900984845
19,15.3249926072
20,14.3148657512
