UE ID,Internet usage
1,23.0940783852
2,26.3311458003
3,24.054966968
4,25.2706246932
5,23.0854218009
6,23.5382906035
7,24.7624797999
8,22.3208713608
9,23.1250463378
10,23.1543764368
11,23.5985704931
12,22.0572563943
13,24.1584357969
14,23.9162257528
15,23.2690538328
16,23.1379435999
17,23.2734358092
18,24.2623797357
19,24.1972738583
20,23.1871470023
