UE ID,Internet usage
1,20.9636656794
2,24.2007330946
3,21.9245542622
4,23.1402119874
5,20.9550090951
6,21.4078778977
7,22.6320670941
8,20.190458655
9,20.9946336321
10,21.023963731
11,21.4681577873
12,19.9268436885
13,22.0280230911
14,21.785813047
15,21.138641127
16,21.0075308942
17,21.1430231034
18,22.1319670299
19,22.0668611525
20,21.0567342965
