UE ID,Internet usage
1,9.95269414169
2,13.1897615569
3,10.9135827245
4,12.1292404497
5,9.94403755741
6,10.39690636
7,11.6210955564
8,9.17948711729
9,9.98366209436
10,10.0129921933
11,10.4571862496
12,8.91587215084
13,11.0170515534
14,10.7748415093
15,10.1276695893
16,9.99655935648
17,10.1320515657
18,11.1209954922
19,11.0558896149
20,10.0457627588
