UE ID,Internet usage
1,14.6575775078
2,17.894644923
3,15.6184660907
4,16.8341238159
5,14.6489209236
6,15.1017897262
7,16.3259789226
8,13.8843704834
9,14.6885454605
10,14.7178755594
11,15.1620696158
12,13.620755517
13,15.7219349196
14,15.4797248755
15,14.8325529555
16,14.7014427226
17,14.8369349319
18,15.8258788584
19,15.760772981
20,14.750646125
