UE ID,Internet usage
1,7.73214794708
2,10.9692153623
3,8.6930365299
4,9.90869425512
5,7.72349136279
6,8.17636016543
7,9.40054936181
8,6.95894092268
9,7.76311589974
10,7.79244599868
11,8.23664005499
12,6.69532595623
13,8.79650535882
14,8.5542953147
15,7.90712339472
16,7.77601316186
17,7.91150537111
18,8.90044929762
19,8.83534342024
20,7.82521656423
