UE ID,Internet usage
1,21.0521669632
2,24.2892343784
3,22.0130555461
4,23.2287132713
5,21.0435103789
6,21.4963791816
7,22.720568378
8,20.2789599388
9,21.0831349159
10,21.1124650148
11,21.5566590711
12,20.0153449724
13,22.116524375
14,21.8743143309
15,21.2271424109
16,21.096032178
17,21.2315243873
18,22.2204683138
19,22.1553624364
20,21.1452355804
