UE ID,Internet usage
1,7.55888398246
2,10.7959513977
3,8.51977256528
4,9.7354302905
5,7.55022739818
6,8.00309620081
7,9.2272853972
8,6.78567695806
9,7.58985193513
10,7.61918203406
11,8.06337609038
12,6.52206199161
13,8.6232413942
14,8.38103135008
15,7.73385943011
16,7.60274919724
17,7.73824140649
18,8.727185333
19,8.66207945562
20,7.65195259962
