UE ID,Internet usage
1,23.7251100709
2,26.9621774861
3,24.6859986537
4,25.901656379
5,23.7164534866
6,24.1693222893
7,25.3935114857
8,22.9519030465
9,23.7560780236
10,23.7854081225
11,24.2296021788
12,22.6882880801
13,24.7894674827
14,24.5472574385
15,23.9000855186
16,23.7689752857
17,23.904467495
18,24.8934114215
19,24.8283055441
20,23.8181786881
