UE ID,Internet usage
1,20.9888915652
2,24.2259589803
3,21.949780148
4,23.1654378732
5,20.9802349809
6,21.4331037835
7,22.6572929799
8,20.2156845408
9,21.0198595178
10,21.0491896168
11,21.4933836731
12,19.9520695743
13,22.0532489769
14,21.8110389328
15,21.1638670128
16,21.0327567799
17,21.1682489892
18,22.1571929157
19,22.0920870383
20,21.0819601823
